,Australia,New Zealand
count,12.0,12.0
mean,19980.595634166664,17262.6228125
std,7815.40522004698,4409.009167497153
min,10039.595640000001,10556.575659999999
25%,13948.9002025,14141.858697500002
50%,18905.603395,16933.06405
75%,24318.059264999996,19517.996909999998
max,34435.367439999995,25185.00911
